1,주겸다,아름제일여성병원,의원,data,"알레르기비염, 축농증수술, 비과질환, 편도질환, 소아이비인후과",이비인후과,0
2,문두섭,길동노인요양병원,의원,data,"(한방비만체형클리닉) 부분비만, 소아비만, 산후비만",한방재활의학과,0
3,임치장,케이치과병원,의원,data,"뇌졸중치료, 뇌종양수술, 뇌혈관내중재시술, 뇌혈전용해술",신경외과,0
4,우효잎,척편한병원,의원,data, 한방안이비인후피부과,"여드름, 한방미용시술(매선, 미용침), 성형수술후관리, 아토피피부염",0
5,어복미,21세기병원,의원,data, 한방안이비인후피부과,"여드름, 한방미용시술(매선, 미용침), 성형수술후관리, 아토피피부염",0
6,전마복,연세대학교의과대학 강남세브란스병원,의원,data, 한방안이비인후피부과,"여드름, 한방미용시술(매선, 미용침), 성형수술후관리, 아토피피부염",0
7,우병윤,원진바른얼굴치과병원,의원,data, 한방안이비인후피부과,"여드름, 한방미용시술(매선, 미용침), 성형수술후관리, 아토피피부염",0
8,반자평,담소유병원,의원,data,"알레르기비염, 축농증수술, 비과질환, 편도질환, 소아이비인후과",이비인후과,0
9,정반빛,제일정형외과병원,의원,data,"(한방비만체형클리닉) 부분비만, 소아비만, 산후비만",한방재활의학과,0
10,표희호,로하스참사랑요양병원,의원,data,"뇌졸중치료, 뇌종양수술, 뇌혈관내중재시술, 뇌혈전용해술",신경외과,0
11,구로월,서울세정병원,의원,data,"뇌졸중치료, 뇌종양수술, 뇌혈관내중재시술, 뇌혈전용해술",신경외과,0
12,양시복,남부효요양병원,의원,data, 한방안이비인후피부과,"여드름, 한방미용시술(매선, 미용침), 성형수술후관리, 아토피피부염",0
13,백달묵,연세건우병원,의원,data, 한방안이비인후피부과,"여드름, 한방미용시술(매선, 미용침), 성형수술후관리, 아토피피부염",0
14,고항훈,의료법인 고려수의료재단 고려수요양병원,의원,data, 한방안이비인후피부과,"여드름, 한방미용시술(매선, 미용침), 성형수술후관리, 아토피피부염",0
15,주병개,차의과학대학교 강남차병원,의원,data,"알레르기비염, 축농증수술, 비과질환, 편도질환, 소아이비인후과",이비인후과,0
16,홍규량,의료법인 미소들노인전문병원,의원,data,"알레르기비염, 축농증수술, 비과질환, 편도질환, 소아이비인후과",이비인후과,0
17,표흔인,잎사귀치과병원,의원,data,"어깨 및 팔꿈치 관절(견·주 관절), 스포츠 손상 및 외상",정형외과,0
18,명별추,서울편안한요양병원,의원,data,"결핵 및 항산균폐질환, 만성폐쇄성폐질환",호흡기내과,0
19,금랑두,연세한강병원,의원,data,"(한방비만체형클리닉) 부분비만, 소아비만, 산후비만",한방재활의학과,0
20,맹실번,강서초이스병원,의원,data,"(한방비만체형클리닉) 부분비만, 소아비만, 산후비만",한방재활의학과,0
21,반우엽,강동연세병원,의원,data,"어깨 및 팔꿈치 관절(견·주 관절), 스포츠 손상 및 외상",정형외과,0
22,조선울,한솔정형외과병원,의원,data,"뇌졸중치료, 뇌종양수술, 뇌혈관내중재시술, 뇌혈전용해술",신경외과,0
23,추나술,성신고려요양병원,의원,data, 한방안이비인후피부과,"여드름, 한방미용시술(매선, 미용침), 성형수술후관리, 아토피피부염",0
24,양찬삼,의료법인 언양의료재단 조은병원,의원,data,"어깨 및 팔꿈치 관절(견·주 관절), 스포츠 손상 및 외상",정형외과,0
25,오개손,김정수여러분병원,의원,data,"알레르기비염, 축농증수술, 비과질환, 편도질환, 소아이비인후과",이비인후과,0
26,남웅실,의료법인구봉의료재단 세왕병원,의원,data,"어깨 및 팔꿈치 관절(견·주 관절), 스포츠 손상 및 외상",정형외과,0
27,남세송,한림대학교 강남성심병원,의원,data, 한방안이비인후피부과,"여드름, 한방미용시술(매선, 미용침), 성형수술후관리, 아토피피부염",0
28,심동만,서울스타병원,의원,data,"어깨 및 팔꿈치 관절(견·주 관절), 스포츠 손상 및 외상",정형외과,0
29,공소철,엘치과병원,의원,data,"결핵 및 항산균폐질환, 만성폐쇄성폐질환",호흡기내과,0
30,황일로,서울바른세상병원,의원,data, 한방안이비인후피부과,"여드름, 한방미용시술(매선, 미용침), 성형수술후관리, 아토피피부염",0
31,윤우월,(本)본브릿지병원,의원,data,"뇌졸중치료, 뇌종양수술, 뇌혈관내중재시술, 뇌혈전용해술",신경외과,0
32,노면래,빠른병원,의원,data,"알레르기비염, 축농증수술, 비과질환, 편도질환, 소아이비인후과",이비인후과,0
33,왕혼헌,청담힐요양병원,의원,data,"(한방비만체형클리닉) 부분비만, 소아비만, 산후비만",한방재활의학과,0
34,신철비,혜당한방병원,의원,data,"어깨 및 팔꿈치 관절(견·주 관절), 스포츠 손상 및 외상",정형외과,0
35,마겸비,삼성미래여성병원,의원,data, 한방안이비인후피부과,"여드름, 한방미용시술(매선, 미용침), 성형수술후관리, 아토피피부염",0
36,제탐훈,유디치과병원,의원,data,"(한방비만체형클리닉) 부분비만, 소아비만, 산후비만",한방재활의학과,0
37,임미루,리봄한방병원,의원,data,"뇌졸중치료, 뇌종양수술, 뇌혈관내중재시술, 뇌혈전용해술",신경외과,0
38,김아평,린여성병원,의원,data,"결핵 및 항산균폐질환, 만성폐쇄성폐질환",호흡기내과,0
39,양남소,의료법인덕수의료재단보라매요양병원,의원,data, 한방안이비인후피부과,"여드름, 한방미용시술(매선, 미용침), 성형수술후관리, 아토피피부염",0
40,현심온,비엠씨한방병원,의원,data,"어깨 및 팔꿈치 관절(견·주 관절), 스포츠 손상 및 외상",정형외과,0
41,편명정,의료법인 명경의료재단 꽃마을한방병원,의원,data, 한방안이비인후피부과,"여드름, 한방미용시술(매선, 미용침), 성형수술후관리, 아토피피부염",0
42,도자사,메드렉스병원,의원,data,"뇌졸중치료, 뇌종양수술, 뇌혈관내중재시술, 뇌혈전용해술",신경외과,0
43,탁휴황,동산요양병원,의원,data,"어깨 및 팔꿈치 관절(견·주 관절), 스포츠 손상 및 외상",정형외과,0
44,선일한,서울힐링요양병원,의원,data, 한방안이비인후피부과,"여드름, 한방미용시술(매선, 미용침), 성형수술후관리, 아토피피부염",0
45,선리늬,재단법인위담 위담한방병원,의원,data, 한방안이비인후피부과,"여드름, 한방미용시술(매선, 미용침), 성형수술후관리, 아토피피부염",0
46,소문동,토마스병원,의원,data,"(한방비만체형클리닉) 부분비만, 소아비만, 산후비만",한방재활의학과,0
47,성겸항,대명요양병원,의원,data,"(한방비만체형클리닉) 부분비만, 소아비만, 산후비만",한방재활의학과,0
48,양실오,초록나무요양병원,의원,data, 한방안이비인후피부과,"여드름, 한방미용시술(매선, 미용침), 성형수술후관리, 아토피피부염",0
49,위을숙,선한목자병원,의원,data, 한방안이비인후피부과,"여드름, 한방미용시술(매선, 미용침), 성형수술후관리, 아토피피부염",0
50,금면라,오케이요양병원,의원,data,"알레르기비염, 축농증수술, 비과질환, 편도질환, 소아이비인후과",이비인후과,0
51,모늬탁,9988병원,의원,data,"어깨 및 팔꿈치 관절(견·주 관절), 스포츠 손상 및 외상",정형외과,0
52,손혁열,서울연세병원,의원,data,"어깨 및 팔꿈치 관절(견·주 관절), 스포츠 손상 및 외상",정형외과,0
53,방해나,365강서수요양병원,의원,data,"결핵 및 항산균폐질환, 만성폐쇄성폐질환",호흡기내과,0
54,여탐철,새롬한방병원,의원,data,"알레르기비염, 축농증수술, 비과질환, 편도질환, 소아이비인후과",이비인후과,0
55,권건초,서울은빛요양병원,의원,data,"(한방비만체형클리닉) 부분비만, 소아비만, 산후비만",한방재활의학과,0
56,김홍더,라이브치과병원,의원,data,"알레르기비염, 축농증수술, 비과질환, 편도질환, 소아이비인후과",이비인후과,0
57,변견개,금강아산병원(재단법인 아산사회복지재단),의원,data,"뇌졸중치료, 뇌종양수술, 뇌혈관내중재시술, 뇌혈전용해술",신경외과,0
58,송배신,유디성신치과병원,의원,data,"알레르기비염, 축농증수술, 비과질환, 편도질환, 소아이비인후과",이비인후과,0
59,이명걸,더바름치과병원,의원,data,"뇌졸중치료, 뇌종양수술, 뇌혈관내중재시술, 뇌혈전용해술",신경외과,0
60,백익흥,서울큰나무병원,의원,data,"어깨 및 팔꿈치 관절(견·주 관절), 스포츠 손상 및 외상",정형외과,0
61,백달면,의료법인 현창의료재단 서서울병원,의원,data,"어깨 및 팔꿈치 관절(견·주 관절), 스포츠 손상 및 외상",정형외과,0
62,도심주,안세병원,의원,data,"(한방비만체형클리닉) 부분비만, 소아비만, 산후비만",한방재활의학과,0
63,표훔늬,삼성서울병원,의원,data, 한방안이비인후피부과,"여드름, 한방미용시술(매선, 미용침), 성형수술후관리, 아토피피부염",0
64,조구을,굿라이프치과병원,의원,data,"알레르기비염, 축농증수술, 비과질환, 편도질환, 소아이비인후과",이비인후과,0
65,안노빈,유광사여성병원,의원,data,"어깨 및 팔꿈치 관절(견·주 관절), 스포츠 손상 및 외상",정형외과,0
66,변동흠,신촌리더스병원,의원,data,"어깨 및 팔꿈치 관절(견·주 관절), 스포츠 손상 및 외상",정형외과,0
67,양영번,의료법인 나누리병원,의원,data,"(한방비만체형클리닉) 부분비만, 소아비만, 산후비만",한방재활의학과,0
68,원단환,광혜병원,의원,data,"알레르기비염, 축농증수술, 비과질환, 편도질환, 소아이비인후과",이비인후과,0
69,황현을,강북삼성병원,의원,data,"결핵 및 항산균폐질환, 만성폐쇄성폐질환",호흡기내과,0
70,류정한,서울병원,의원,data,"알레르기비염, 축농증수술, 비과질환, 편도질환, 소아이비인후과",이비인후과,0
71,심들아,참튼튼병원,의원,data,"결핵 및 항산균폐질환, 만성폐쇄성폐질환",호흡기내과,0
72,노장늘,우리모두들치과병원,의원,data, 한방안이비인후피부과,"여드름, 한방미용시술(매선, 미용침), 성형수술후관리, 아토피피부염",0
73,정평리,신우요양병원,의원,data,"결핵 및 항산균폐질환, 만성폐쇄성폐질환",호흡기내과,0
74,금언창,의료법인해인의료재단 동신한방병원,의원,data,"(한방비만체형클리닉) 부분비만, 소아비만, 산후비만",한방재활의학과,0
75,고유평,고도일병원,의원,data,"알레르기비염, 축농증수술, 비과질환, 편도질환, 소아이비인후과",이비인후과,0
76,유판흥,연세에스병원,의원,data,"뇌졸중치료, 뇌종양수술, 뇌혈관내중재시술, 뇌혈전용해술",신경외과,0
77,김령솜,강서힘찬병원,의원,data,"어깨 및 팔꿈치 관절(견·주 관절), 스포츠 손상 및 외상",정형외과,0
78,탁가나,우리들병원,의원,data,"어깨 및 팔꿈치 관절(견·주 관절), 스포츠 손상 및 외상",정형외과,0
79,신범심,나누리병원,의원,data,"뇌졸중치료, 뇌종양수술, 뇌혈관내중재시술, 뇌혈전용해술",신경외과,0
80,설광직,리더스병원,의원,data,"(한방비만체형클리닉) 부분비만, 소아비만, 산후비만",한방재활의학과,0
81,임타용,씨디씨어린이치과병원,의원,data,"(한방비만체형클리닉) 부분비만, 소아비만, 산후비만",한방재활의학과,0
82,손실견,시그마치과병원,의원,data,"뇌졸중치료, 뇌종양수술, 뇌혈관내중재시술, 뇌혈전용해술",신경외과,0
83,남세뜸,에스엠씨요양병원,의원,data,"어깨 및 팔꿈치 관절(견·주 관절), 스포츠 손상 및 외상",정형외과,0
84,변훔도,라임나무치과병원,의원,data,"어깨 및 팔꿈치 관절(견·주 관절), 스포츠 손상 및 외상",정형외과,0
85,류요평,의료법인제민의료재단동서한방병원,의원,data,"어깨 및 팔꿈치 관절(견·주 관절), 스포츠 손상 및 외상",정형외과,0
86,배반시,아이디병원,의원,data,"뇌졸중치료, 뇌종양수술, 뇌혈관내중재시술, 뇌혈전용해술",신경외과,0
87,국문환,드림요양병원,의원,data, 한방안이비인후피부과,"여드름, 한방미용시술(매선, 미용침), 성형수술후관리, 아토피피부염",0
88,마변신,서울으뜸병원,의원,data,"(한방비만체형클리닉) 부분비만, 소아비만, 산후비만",한방재활의학과,0
89,인잎모,포미즈여성병원,의원,data,"어깨 및 팔꿈치 관절(견·주 관절), 스포츠 손상 및 외상",정형외과,0
90,공아사,느루요양병원,의원,data,"(한방비만체형클리닉) 부분비만, 소아비만, 산후비만",한방재활의학과,0
91,장희해,강남고려병원,의원,data, 한방안이비인후피부과,"여드름, 한방미용시술(매선, 미용침), 성형수술후관리, 아토피피부염",0
92,백광출,뉴강서성심병원,의원,data,"결핵 및 항산균폐질환, 만성폐쇄성폐질환",호흡기내과,0
93,양진늬,연세바른병원,의원,data, 한방안이비인후피부과,"여드름, 한방미용시술(매선, 미용침), 성형수술후관리, 아토피피부염",0
94,유주노,사랑의병원,의원,data, 한방안이비인후피부과,"여드름, 한방미용시술(매선, 미용침), 성형수술후관리, 아토피피부염",0
95,구충섬,힘찬큐한방병원,의원,data,"알레르기비염, 축농증수술, 비과질환, 편도질환, 소아이비인후과",이비인후과,0
96,양식숙,하나로한방병원,의원,data,"어깨 및 팔꿈치 관절(견·주 관절), 스포츠 손상 및 외상",정형외과,0
97,공혜악,예스병원,의원,data, 한방안이비인후피부과,"여드름, 한방미용시술(매선, 미용침), 성형수술후관리, 아토피피부염",0
98,도삼수,덕수의료재단 덕수요양병원,의원,data,"뇌졸중치료, 뇌종양수술, 뇌혈관내중재시술, 뇌혈전용해술",신경외과,0
99,육일곤,햇살요양병원,의원,data,"결핵 및 항산균폐질환, 만성폐쇄성폐질환",호흡기내과,0
100,심우전,청화병원,의원,data,"알레르기비염, 축농증수술, 비과질환, 편도질환, 소아이비인후과",이비인후과,0
101,권희치,의료법인일맥의료재단인애가한방병원,의원,data,"(한방비만체형클리닉) 부분비만, 소아비만, 산후비만",한방재활의학과,0
102,허고우,강서바른세상병원,의원,data,"어깨 및 팔꿈치 관절(견·주 관절), 스포츠 손상 및 외상",정형외과,0
103,석다의,더본병원,의원,data, 한방안이비인후피부과,"여드름, 한방미용시술(매선, 미용침), 성형수술후관리, 아토피피부염",0
104,주디흔,바비페이스치과병원,의원,data,"알레르기비염, 축농증수술, 비과질환, 편도질환, 소아이비인후과",이비인후과,0
105,장나동,연세베스트요양병원,의원,data,"알레르기비염, 축농증수술, 비과질환, 편도질환, 소아이비인후과",이비인후과,0
106,탁온견,남서울병원,의원,data,"알레르기비염, 축농증수술, 비과질환, 편도질환, 소아이비인후과",이비인후과,0
107,신술학,서울요양병원,의원,data, 한방안이비인후피부과,"여드름, 한방미용시술(매선, 미용침), 성형수술후관리, 아토피피부염",0
108,남뜸빈,강남요양병원,의원,data, 한방안이비인후피부과,"여드름, 한방미용시술(매선, 미용침), 성형수술후관리, 아토피피부염",0
109,허휴영,엠디병원,의원,data,"(한방비만체형클리닉) 부분비만, 소아비만, 산후비만",한방재활의학과,0
110,편롱곤,강동경희대학교의대병원,의원,data,"어깨 및 팔꿈치 관절(견·주 관절), 스포츠 손상 및 외상",정형외과,0
111,맹더달,서울연세요양병원,의원,data, 한방안이비인후피부과,"여드름, 한방미용시술(매선, 미용침), 성형수술후관리, 아토피피부염",0
112,전원의,서울그린치과병원,의원,data,"뇌졸중치료, 뇌종양수술, 뇌혈관내중재시술, 뇌혈전용해술",신경외과,0
113,남애누,송파미소병원,의원,data, 한방안이비인후피부과,"여드름, 한방미용시술(매선, 미용침), 성형수술후관리, 아토피피부염",0
114,홍단성,목동예치과병원,의원,data,"(한방비만체형클리닉) 부분비만, 소아비만, 산후비만",한방재활의학과,0
115,기새우,예작병원,의원,data, 한방안이비인후피부과,"여드름, 한방미용시술(매선, 미용침), 성형수술후관리, 아토피피부염",0
116,고이비,강남을지대학교병원,의원,data,"뇌졸중치료, 뇌종양수술, 뇌혈관내중재시술, 뇌혈전용해술",신경외과,0
117,제번혁,의료법인마리아의료재단마리아병원,의원,data,"결핵 및 항산균폐질환, 만성폐쇄성폐질환",호흡기내과,0
118,선모면,따스한봄날처럼요양병원,의원,data,"(한방비만체형클리닉) 부분비만, 소아비만, 산후비만",한방재활의학과,0
119,권훔애,고려대학교의과대학부속구로병원,의원,data, 한방안이비인후피부과,"여드름, 한방미용시술(매선, 미용침), 성형수술후관리, 아토피피부염",0
120,채숙슬,더세인트요양병원,의원,data, 한방안이비인후피부과,"여드름, 한방미용시술(매선, 미용침), 성형수술후관리, 아토피피부염",0
121,염란솔,서울특별시서남병원,의원,data,"뇌졸중치료, 뇌종양수술, 뇌혈관내중재시술, 뇌혈전용해술",신경외과,0
122,정재순,의료법인 부원의료재단 서초요양병원,의원,data, 한방안이비인후피부과,"여드름, 한방미용시술(매선, 미용침), 성형수술후관리, 아토피피부염",0
123,채평흠,서울효사랑요양병원,의원,data,"(한방비만체형클리닉) 부분비만, 소아비만, 산후비만",한방재활의학과,0
124,차림오,서울에이스요양병원,의원,data,"결핵 및 항산균폐질환, 만성폐쇄성폐질환",호흡기내과,0
125,옥예심,반도정형외과병원,의원,data,"어깨 및 팔꿈치 관절(견·주 관절), 스포츠 손상 및 외상",정형외과,0
126,노준용,라온휴병원,의원,data,"뇌졸중치료, 뇌종양수술, 뇌혈관내중재시술, 뇌혈전용해술",신경외과,0
127,함평백,연세사랑병원,의원,data,"(한방비만체형클리닉) 부분비만, 소아비만, 산후비만",한방재활의학과,0
128,진숭으,더웰샘한방병원,의원,data, 한방안이비인후피부과,"여드름, 한방미용시술(매선, 미용침), 성형수술후관리, 아토피피부염",0
129,천현향,올바로병원,의원,data, 한방안이비인후피부과,"여드름, 한방미용시술(매선, 미용침), 성형수술후관리, 아토피피부염",0
130,함보슬,최차혜병원,의원,data,"어깨 및 팔꿈치 관절(견·주 관절), 스포츠 손상 및 외상",정형외과,0
131,여혼중,메디움강남요양병원,의원,data, 한방안이비인후피부과,"여드름, 한방미용시술(매선, 미용침), 성형수술후관리, 아토피피부염",0
132,명남별,어울림병원,의원,data,"뇌졸중치료, 뇌종양수술, 뇌혈관내중재시술, 뇌혈전용해술",신경외과,0
133,여견관,브레인병원,의원,data,"결핵 및 항산균폐질환, 만성폐쇄성폐질환",호흡기내과,0
134,민세채,의료법인 한국암치료재단 서울중입자병원,의원,data,"어깨 및 팔꿈치 관절(견·주 관절), 스포츠 손상 및 외상",정형외과,0
135,유우람,에이스한방병원,의원,data,"어깨 및 팔꿈치 관절(견·주 관절), 스포츠 손상 및 외상",정형외과,0
136,노오진,수플란트치과병원,의원,data,"(한방비만체형클리닉) 부분비만, 소아비만, 산후비만",한방재활의학과,0
137,길공별,마디병원,의원,data,"뇌졸중치료, 뇌종양수술, 뇌혈관내중재시술, 뇌혈전용해술",신경외과,0
138,반위실,소화병원(의료법인 소화병원),의원,data,"어깨 및 팔꿈치 관절(견·주 관절), 스포츠 손상 및 외상",정형외과,0
139,주길라,메디람한방병원,의원,data,"어깨 및 팔꿈치 관절(견·주 관절), 스포츠 손상 및 외상",정형외과,0
140,권예림,실버한방병원,의원,data, 한방안이비인후피부과,"여드름, 한방미용시술(매선, 미용침), 성형수술후관리, 아토피피부염",0
141,여솜나,밀레니엄치과병원,의원,data,"결핵 및 항산균폐질환, 만성폐쇄성폐질환",호흡기내과,0
142,신휘보,서울석병원,의원,data, 한방안이비인후피부과,"여드름, 한방미용시술(매선, 미용침), 성형수술후관리, 아토피피부염",0
143,주원보,의료법인 춘혜의료재단 명지춘혜재활병원,의원,data, 한방안이비인후피부과,"여드름, 한방미용시술(매선, 미용침), 성형수술후관리, 아토피피부염",0
144,고나춘,건강한세상앞선치과병원,의원,data,"알레르기비염, 축농증수술, 비과질환, 편도질환, 소아이비인후과",이비인후과,0
145,석련배,희명병원,의원,data, 한방안이비인후피부과,"여드름, 한방미용시술(매선, 미용침), 성형수술후관리, 아토피피부염",0
146,신무련,청담병원,의원,data,"(한방비만체형클리닉) 부분비만, 소아비만, 산후비만",한방재활의학과,0
147,김악경,예치과병원,의원,data,"(한방비만체형클리닉) 부분비만, 소아비만, 산후비만",한방재활의학과,0
148,모분덕,에이치플러스 양지병원,의원,data, 한방안이비인후피부과,"여드름, 한방미용시술(매선, 미용침), 성형수술후관리, 아토피피부염",0
149,유웅분,강남센트럴요양병원,의원,data, 한방안이비인후피부과,"여드름, 한방미용시술(매선, 미용침), 성형수술후관리, 아토피피부염",0
150,허회아,서울바로나치과병원,의원,data,"어깨 및 팔꿈치 관절(견·주 관절), 스포츠 손상 및 외상",정형외과,0
151,유솔식,마포요양병원,의원,data,"어깨 및 팔꿈치 관절(견·주 관절), 스포츠 손상 및 외상",정형외과,0
152,인반병,제아치과병원,의원,data,"알레르기비염, 축농증수술, 비과질환, 편도질환, 소아이비인후과",이비인후과,0
153,용규식,포레스트한방병원,의원,data,"뇌졸중치료, 뇌종양수술, 뇌혈관내중재시술, 뇌혈전용해술",신경외과,0
154,임두손,중앙대학교병원,의원,data,"알레르기비염, 축농증수술, 비과질환, 편도질환, 소아이비인후과",이비인후과,0
155,길부사,한강수병원,의원,data,"(한방비만체형클리닉) 부분비만, 소아비만, 산후비만",한방재활의학과,0
156,심분새,허리나은병원,의원,data,"(한방비만체형클리닉) 부분비만, 소아비만, 산후비만",한방재활의학과,0
157,진탐흔,우리들병원,의원,data,"뇌졸중치료, 뇌종양수술, 뇌혈관내중재시술, 뇌혈전용해술",신경외과,0
158,소숙한,서울동인병원,의원,data,"어깨 및 팔꿈치 관절(견·주 관절), 스포츠 손상 및 외상",정형외과,0
159,명오시,동부참사랑요양병원,의원,data,"어깨 및 팔꿈치 관절(견·주 관절), 스포츠 손상 및 외상",정형외과,0
160,김승늘,대림요양병원,의원,data,"알레르기비염, 축농증수술, 비과질환, 편도질환, 소아이비인후과",이비인후과,0
161,이형중,보문효사랑요양병원,의원,data,"결핵 및 항산균폐질환, 만성폐쇄성폐질환",호흡기내과,0
162,권창래,프리허그한방병원,의원,data,"알레르기비염, 축농증수술, 비과질환, 편도질환, 소아이비인후과",이비인후과,0
163,염령균,강동모커리한방병원,의원,data,"어깨 및 팔꿈치 관절(견·주 관절), 스포츠 손상 및 외상",정형외과,0
164,양운롱,연세무척나은병원,의원,data,"어깨 및 팔꿈치 관절(견·주 관절), 스포츠 손상 및 외상",정형외과,0
165,표휴평,노블케어요양병원,의원,data,"(한방비만체형클리닉) 부분비만, 소아비만, 산후비만",한방재활의학과,0
166,홍율천,의료법인 일명의료재단 승리한방병원,의원,data, 한방안이비인후피부과,"여드름, 한방미용시술(매선, 미용침), 성형수술후관리, 아토피피부염",0
167,소천예,한그루치과병원,의원,data,"어깨 및 팔꿈치 관절(견·주 관절), 스포츠 손상 및 외상",정형외과,0
168,장정을,광진구의한방병원,의원,data,"어깨 및 팔꿈치 관절(견·주 관절), 스포츠 손상 및 외상",정형외과,0
169,노길탐,코리아병원,의원,data,"결핵 및 항산균폐질환, 만성폐쇄성폐질환",호흡기내과,0
170,김다린,자닮인요양병원,의원,data, 한방안이비인후피부과,"여드름, 한방미용시술(매선, 미용침), 성형수술후관리, 아토피피부염",0
171,유린다,성애의료재단 성애병원,의원,data,"뇌졸중치료, 뇌종양수술, 뇌혈관내중재시술, 뇌혈전용해술",신경외과,0
172,정선충,예닮요양병원,의원,data,"(한방비만체형클리닉) 부분비만, 소아비만, 산후비만",한방재활의학과,0
173,김흥노,메르덴치과병원,의원,data,"알레르기비염, 축농증수술, 비과질환, 편도질환, 소아이비인후과",이비인후과,0
174,육묵반,혜민병원,의원,data,"(한방비만체형클리닉) 부분비만, 소아비만, 산후비만",한방재활의학과,0
175,장려휘,부민병원,의원,data,"어깨 및 팔꿈치 관절(견·주 관절), 스포츠 손상 및 외상",정형외과,0
176,진근춘,지앤지병원,의원,data, 한방안이비인후피부과,"여드름, 한방미용시술(매선, 미용침), 성형수술후관리, 아토피피부염",0
177,백인사,유치과병원,의원,data,"어깨 및 팔꿈치 관절(견·주 관절), 스포츠 손상 및 외상",정형외과,0
178,이바지,아카시아병원,의원,data, 한방안이비인후피부과,"여드름, 한방미용시술(매선, 미용침), 성형수술후관리, 아토피피부염",0
179,주희디,의료법인다나의료재단구로다나병원,의원,data, 한방안이비인후피부과,"여드름, 한방미용시술(매선, 미용침), 성형수술후관리, 아토피피부염",0
180,방춘구,관악서울대학교치과병원,의원,data, 한방안이비인후피부과,"여드름, 한방미용시술(매선, 미용침), 성형수술후관리, 아토피피부염",0
181,공시혁,효림요양병원,의원,data,"결핵 및 항산균폐질환, 만성폐쇄성폐질환",호흡기내과,0
182,최오문,인애가한방병원,의원,data,"알레르기비염, 축농증수술, 비과질환, 편도질환, 소아이비인후과",이비인후과,0
183,채흔남,모나리자요양병원,의원,data,"어깨 및 팔꿈치 관절(견·주 관절), 스포츠 손상 및 외상",정형외과,0
184,엄고형,의료법인 어울림의료재단 정성요양병원,의원,data, 한방안이비인후피부과,"여드름, 한방미용시술(매선, 미용침), 성형수술후관리, 아토피피부염",0
185,육종익,서울바른병원,의원,data, 한방안이비인후피부과,"여드름, 한방미용시술(매선, 미용침), 성형수술후관리, 아토피피부염",0
186,변향덕,자생한방병원,의원,data,"알레르기비염, 축농증수술, 비과질환, 편도질환, 소아이비인후과",이비인후과,0
187,표욱단,더청담병원,의원,data,"(한방비만체형클리닉) 부분비만, 소아비만, 산후비만",한방재활의학과,0
188,박악욱,리본병원,의원,data, 한방안이비인후피부과,"여드름, 한방미용시술(매선, 미용침), 성형수술후관리, 아토피피부염",0
189,원삼을,효인요양병원,의원,data, 한방안이비인후피부과,"여드름, 한방미용시술(매선, 미용침), 성형수술후관리, 아토피피부염",0
190,송휴섬,강남힘찬병원,의원,data,"알레르기비염, 축농증수술, 비과질환, 편도질환, 소아이비인후과",이비인후과,0
191,왕이탐,강남초이스정형외과병원,의원,data,"알레르기비염, 축농증수술, 비과질환, 편도질환, 소아이비인후과",이비인후과,0
192,노곤묵,강동우리들요양병원,의원,data,"(한방비만체형클리닉) 부분비만, 소아비만, 산후비만",한방재활의학과,0
193,지하시,동인당효요양병원,의원,data,"결핵 및 항산균폐질환, 만성폐쇄성폐질환",호흡기내과,0
194,권추송,서울치과병원,의원,data,"(한방비만체형클리닉) 부분비만, 소아비만, 산후비만",한방재활의학과,0
195,유섬분,강서필병원,의원,data,"(한방비만체형클리닉) 부분비만, 소아비만, 산후비만",한방재활의학과,0
196,육권사,동부센트럴요양병원,의원,data,"어깨 및 팔꿈치 관절(견·주 관절), 스포츠 손상 및 외상",정형외과,0
197,기현을,치유본한방병원,의원,data, 한방안이비인후피부과,"여드름, 한방미용시술(매선, 미용침), 성형수술후관리, 아토피피부염",0
198,제악순,씨엠병원,의원,data,"뇌졸중치료, 뇌종양수술, 뇌혈관내중재시술, 뇌혈전용해술",신경외과,0
199,모명회,연세사랑모아여성병원,의원,data,"알레르기비염, 축농증수술, 비과질환, 편도질환, 소아이비인후과",이비인후과,0
200,전유향,씨티칼리지요양병원,의원,data,"(한방비만체형클리닉) 부분비만, 소아비만, 산후비만",한방재활의학과,0
201,강엄련,예림치과병원,의원,data,"(한방비만체형클리닉) 부분비만, 소아비만, 산후비만",한방재활의학과,0
202,원균악,기쁨병원,의원,data, 한방안이비인후피부과,"여드름, 한방미용시술(매선, 미용침), 성형수술후관리, 아토피피부염",0
203,신건조,베스필치과병원,의원,data, 한방안이비인후피부과,"여드름, 한방미용시술(매선, 미용침), 성형수술후관리, 아토피피부염",0
204,노중탁,동서융합병원,의원,data,"어깨 및 팔꿈치 관절(견·주 관절), 스포츠 손상 및 외상",정형외과,0
205,지윤율,서울적십자병원,의원,data,"어깨 및 팔꿈치 관절(견·주 관절), 스포츠 손상 및 외상",정형외과,0
206,공바승,신촌다인치과병원,의원,data,"어깨 및 팔꿈치 관절(견·주 관절), 스포츠 손상 및 외상",정형외과,0
207,이현라,강남위담한방병원,의원,data,"알레르기비염, 축농증수술, 비과질환, 편도질환, 소아이비인후과",이비인후과,0
208,여훈예,미즈메디병원,의원,data,"어깨 및 팔꿈치 관절(견·주 관절), 스포츠 손상 및 외상",정형외과,0
209,나건추,강서사랑요양병원,의원,data,"결핵 및 항산균폐질환, 만성폐쇄성폐질환",호흡기내과,0
210,백루치,미래드림여성병원,의원,data, 한방안이비인후피부과,"여드름, 한방미용시술(매선, 미용침), 성형수술후관리, 아토피피부염",0
211,염옥건,서울그린치과병원,의원,data, 한방안이비인후피부과,"여드름, 한방미용시술(매선, 미용침), 성형수술후관리, 아토피피부염",0
212,설황휘,청병원,의원,data,"(한방비만체형클리닉) 부분비만, 소아비만, 산후비만",한방재활의학과,0
213,어잔규,하늘병원,의원,data,"어깨 및 팔꿈치 관절(견·주 관절), 스포츠 손상 및 외상",정형외과,0
214,진덕열,사람사랑치과병원,의원,data, 한방안이비인후피부과,"여드름, 한방미용시술(매선, 미용침), 성형수술후관리, 아토피피부염",0
215,윤동근,강동경희대학교치과병원,의원,data,"어깨 및 팔꿈치 관절(견·주 관절), 스포츠 손상 및 외상",정형외과,0
216,심디늬,재단법인베스티안재단베스티안서울병원,의원,data, 한방안이비인후피부과,"여드름, 한방미용시술(매선, 미용침), 성형수술후관리, 아토피피부염",0
217,한민로,이엔이치과병원,의원,data,"(한방비만체형클리닉) 부분비만, 소아비만, 산후비만",한방재활의학과,0
218,위분순,미니쉬치과병원,의원,data,"뇌졸중치료, 뇌종양수술, 뇌혈관내중재시술, 뇌혈전용해술",신경외과,0
219,황삼훔,채원자연통합병원,의원,data,"(한방비만체형클리닉) 부분비만, 소아비만, 산후비만",한방재활의학과,0
220,송장들,사랑플러스병원,의원,data,"어깨 및 팔꿈치 관절(견·주 관절), 스포츠 손상 및 외상",정형외과,0
221,임호수,강남지인병원,의원,data,"뇌졸중치료, 뇌종양수술, 뇌혈관내중재시술, 뇌혈전용해술",신경외과,0
222,변봉호,의료법인마리아의료재단마리아병원,의원,data, 한방안이비인후피부과,"여드름, 한방미용시술(매선, 미용침), 성형수술후관리, 아토피피부염",0
223,변걸태,성지병원,의원,data, 한방안이비인후피부과,"여드름, 한방미용시술(매선, 미용침), 성형수술후관리, 아토피피부염",0
224,원엽회,브레인요양병원,의원,data,"결핵 및 항산균폐질환, 만성폐쇄성폐질환",호흡기내과,0
225,하단으,유아이씨시카고 치과병원,의원,data, 한방안이비인후피부과,"여드름, 한방미용시술(매선, 미용침), 성형수술후관리, 아토피피부염",0
226,여호숭,한림대학교 한강성심병원,의원,data,"(한방비만체형클리닉) 부분비만, 소아비만, 산후비만",한방재활의학과,0
227,천오울,목동아이엠치과병원,의원,data,"(한방비만체형클리닉) 부분비만, 소아비만, 산후비만",한방재활의학과,0
228,여희석,강동성모요양병원,의원,data,"어깨 및 팔꿈치 관절(견·주 관절), 스포츠 손상 및 외상",정형외과,0
229,모운무,가자연세병원,의원,data,"결핵 및 항산균폐질환, 만성폐쇄성폐질환",호흡기내과,0
230,이관범,오산당요양병원,의원,data,"(한방비만체형클리닉) 부분비만, 소아비만, 산후비만",한방재활의학과,0
231,명솔설,한국보훈복지의료공단 중앙보훈병원,의원,data,"(한방비만체형클리닉) 부분비만, 소아비만, 산후비만",한방재활의학과,0
232,유영고,자이비뇨기과병원,의원,data,"알레르기비염, 축농증수술, 비과질환, 편도질환, 소아이비인후과",이비인후과,0
233,한건루,참포도나무병원,의원,data, 한방안이비인후피부과,"여드름, 한방미용시술(매선, 미용침), 성형수술후관리, 아토피피부염",0
234,장옥고,강동경희대학교한방병원,의원,data,"어깨 및 팔꿈치 관절(견·주 관절), 스포츠 손상 및 외상",정형외과,0
235,손양수,투데이치과병원,의원,data, 한방안이비인후피부과,"여드름, 한방미용시술(매선, 미용침), 성형수술후관리, 아토피피부염",0
236,국준혼,비에비스나무병원,의원,data,"알레르기비염, 축농증수술, 비과질환, 편도질환, 소아이비인후과",이비인후과,0
237,전양수,뉴서울성모요양병원,의원,data,"(한방비만체형클리닉) 부분비만, 소아비만, 산후비만",한방재활의학과,0
238,양양모,고은빛여성병원,의원,data,"(한방비만체형클리닉) 부분비만, 소아비만, 산후비만",한방재활의학과,0
239,차자보,국립정신건강센터,의원,data,"어깨 및 팔꿈치 관절(견·주 관절), 스포츠 손상 및 외상",정형외과,0
240,진항신,참바른병원,의원,data,"어깨 및 팔꿈치 관절(견·주 관절), 스포츠 손상 및 외상",정형외과,0
241,마한원,이솝한방병원,의원,data, 한방안이비인후피부과,"여드름, 한방미용시술(매선, 미용침), 성형수술후관리, 아토피피부염",0
242,김성웅,재단법인자생의료재단목동자생한방병원,의원,data,"(한방비만체형클리닉) 부분비만, 소아비만, 산후비만",한방재활의학과,0
243,연번황,강서연세병원,의원,data,"어깨 및 팔꿈치 관절(견·주 관절), 스포츠 손상 및 외상",정형외과,0
244,현석종,명지성모병원,의원,data, 한방안이비인후피부과,"여드름, 한방미용시술(매선, 미용침), 성형수술후관리, 아토피피부염",0
245,연울흥,서울특별시어린이병원,의원,data, 한방안이비인후피부과,"여드름, 한방미용시술(매선, 미용침), 성형수술후관리, 아토피피부염",0
246,표경건,사과나무치과병원,의원,data, 한방안이비인후피부과,"여드름, 한방미용시술(매선, 미용침), 성형수술후관리, 아토피피부염",0
247,홍애면,의료법인 제일의료재단 제일병원,의원,data,"어깨 및 팔꿈치 관절(견·주 관절), 스포츠 손상 및 외상",정형외과,0
248,손랑민,이건목원리한방병원,의원,data, 한방안이비인후피부과,"여드름, 한방미용시술(매선, 미용침), 성형수술후관리, 아토피피부염",0
249,양전산,동부병원,의원,data,"어깨 및 팔꿈치 관절(견·주 관절), 스포츠 손상 및 외상",정형외과,0
250,표안항,서초프라임요양병원,의원,data, 한방안이비인후피부과,"여드름, 한방미용시술(매선, 미용침), 성형수술후관리, 아토피피부염",0
251,정사견,기쁨정원치과병원,의원,data, 한방안이비인후피부과,"여드름, 한방미용시술(매선, 미용침), 성형수술후관리, 아토피피부염",0
252,우비옥,선수촌병원,의원,data,"뇌졸중치료, 뇌종양수술, 뇌혈관내중재시술, 뇌혈전용해술",신경외과,0
253,도환예,새길병원,의원,data,"(한방비만체형클리닉) 부분비만, 소아비만, 산후비만",한방재활의학과,0
254,지구언,목동힘찬병원,의원,data,"(한방비만체형클리닉) 부분비만, 소아비만, 산후비만",한방재활의학과,0
255,기애자,아이토마토한방병원,의원,data,"어깨 및 팔꿈치 관절(견·주 관절), 스포츠 손상 및 외상",정형외과,0
256,천송수,닥터김앤박요양병원,의원,data,"(한방비만체형클리닉) 부분비만, 소아비만, 산후비만",한방재활의학과,0
257,신선욱,대윤한방병원,의원,data,"뇌졸중치료, 뇌종양수술, 뇌혈관내중재시술, 뇌혈전용해술",신경외과,0
258,장미시,강동제일병원,의원,data,"(한방비만체형클리닉) 부분비만, 소아비만, 산후비만",한방재활의학과,0
259,유휴뜸,(의)가산의료재단 광동한방병원,의원,data,"뇌졸중치료, 뇌종양수술, 뇌혈관내중재시술, 뇌혈전용해술",신경외과,0
260,최장란,왕십리휴요양병원,의원,data,"결핵 및 항산균폐질환, 만성폐쇄성폐질환",호흡기내과,0
261,안곤장,서울복지병원,의원,data, 한방안이비인후피부과,"여드름, 한방미용시술(매선, 미용침), 성형수술후관리, 아토피피부염",0
262,조근헌,서울양병원,의원,data,"(한방비만체형클리닉) 부분비만, 소아비만, 산후비만",한방재활의학과,0
263,구선로,엘더스요양병원,의원,data,"어깨 및 팔꿈치 관절(견·주 관절), 스포츠 손상 및 외상",정형외과,0
264,주택신,요나한방병원,의원,data, 한방안이비인후피부과,"여드름, 한방미용시술(매선, 미용침), 성형수술후관리, 아토피피부염",0
265,구승건,강서송도병원,의원,data,"어깨 및 팔꿈치 관절(견·주 관절), 스포츠 손상 및 외상",정형외과,0
266,현가길,뉴연세여성병원,의원,data, 한방안이비인후피부과,"여드름, 한방미용시술(매선, 미용침), 성형수술후관리, 아토피피부염",0
267,신성섬,편안한요양병원,의원,data,"(한방비만체형클리닉) 부분비만, 소아비만, 산후비만",한방재활의학과,0
268,탁래순,청아치과병원,의원,data, 한방안이비인후피부과,"여드름, 한방미용시술(매선, 미용침), 성형수술후관리, 아토피피부염",0
269,천익헌,서울원광한방병원,의원,data,"(한방비만체형클리닉) 부분비만, 소아비만, 산후비만",한방재활의학과,0
270,설량웅,건국대학교병원,의원,data,"(한방비만체형클리닉) 부분비만, 소아비만, 산후비만",한방재활의학과,0
271,구위규,대림성모병원,의원,data, 한방안이비인후피부과,"여드름, 한방미용시술(매선, 미용침), 성형수술후관리, 아토피피부염",0
272,오공식,느루요양병원,의원,data,"(한방비만체형클리닉) 부분비만, 소아비만, 산후비만",한방재활의학과,0
273,심효온,네오메디플러스치과병원,의원,data,"어깨 및 팔꿈치 관절(견·주 관절), 스포츠 손상 및 외상",정형외과,0
274,탁정범,한누리치과병원,의원,data,"어깨 및 팔꿈치 관절(견·주 관절), 스포츠 손상 및 외상",정형외과,0
275,은문황,그린치과병원,의원,data, 한방안이비인후피부과,"여드름, 한방미용시술(매선, 미용침), 성형수술후관리, 아토피피부염",0
276,진천재,길인의료재단 기린한방병원,의원,data,"뇌졸중치료, 뇌종양수술, 뇌혈관내중재시술, 뇌혈전용해술",신경외과,0
277,오솜래,재단법인 동국한방병원,의원,data, 한방안이비인후피부과,"여드름, 한방미용시술(매선, 미용침), 성형수술후관리, 아토피피부염",0
278,홍걸판,참요양병원,의원,data,"어깨 및 팔꿈치 관절(견·주 관절), 스포츠 손상 및 외상",정형외과,0
279,명리흠,네모치과병원,의원,data,"어깨 및 팔꿈치 관절(견·주 관절), 스포츠 손상 및 외상",정형외과,0
280,우판후,영동병원,의원,data,"어깨 및 팔꿈치 관절(견·주 관절), 스포츠 손상 및 외상",정형외과,0
281,어호묵,의료법인 인봉의료재단 영등포병원,의원,data,"(한방비만체형클리닉) 부분비만, 소아비만, 산후비만",한방재활의학과,0
282,오래변,서울특별시장애인치과병원,의원,data,"어깨 및 팔꿈치 관절(견·주 관절), 스포츠 손상 및 외상",정형외과,0
283,은두온,해달한방병원,의원,data, 한방안이비인후피부과,"여드름, 한방미용시술(매선, 미용침), 성형수술후관리, 아토피피부염",0
284,강송가,튼튼병원,의원,data,"(한방비만체형클리닉) 부분비만, 소아비만, 산후비만",한방재활의학과,0
285,차웅보,포샤르치과병원,의원,data, 한방안이비인후피부과,"여드름, 한방미용시술(매선, 미용침), 성형수술후관리, 아토피피부염",0
286,진누원,튼튼병원,의원,data,"(한방비만체형클리닉) 부분비만, 소아비만, 산후비만",한방재활의학과,0
287,주석수,국립중앙의료원,의원,data,"어깨 및 팔꿈치 관절(견·주 관절), 스포츠 손상 및 외상",정형외과,0
288,민동안,석플란트치과병원,의원,data,"(한방비만체형클리닉) 부분비만, 소아비만, 산후비만",한방재활의학과,0
289,정회광,학교법인대진교육재단 제인병원,의원,data,"어깨 및 팔꿈치 관절(견·주 관절), 스포츠 손상 및 외상",정형외과,0
290,강하산,조인트힐병원,의원,data, 한방안이비인후피부과,"여드름, 한방미용시술(매선, 미용침), 성형수술후관리, 아토피피부염",0
291,전송울,서울대학교병원,의원,data,"결핵 및 항산균폐질환, 만성폐쇄성폐질환",호흡기내과,0
292,남준더,독일웰치과병원,의원,data, 한방안이비인후피부과,"여드름, 한방미용시술(매선, 미용침), 성형수술후관리, 아토피피부염",0
293,조기제,강서효요양병원,의원,data, 한방안이비인후피부과,"여드름, 한방미용시술(매선, 미용침), 성형수술후관리, 아토피피부염",0
294,허월솜,솔병원,의원,data,"결핵 및 항산균폐질환, 만성폐쇄성폐질환",호흡기내과,0
295,연경뜸,세바른병원,의원,data, 한방안이비인후피부과,"여드름, 한방미용시술(매선, 미용침), 성형수술후관리, 아토피피부염",0
296,한타모,송파새희망요양병원,의원,data, 한방안이비인후피부과,"여드름, 한방미용시술(매선, 미용침), 성형수술후관리, 아토피피부염",0
297,금배오,올림픽병원,의원,data,"알레르기비염, 축농증수술, 비과질환, 편도질환, 소아이비인후과",이비인후과,0
298,국부산,의료법인정애의료재단서울초이스병원,의원,data,"(한방비만체형클리닉) 부분비만, 소아비만, 산후비만",한방재활의학과,0
299,문호직,서울대효병원,의원,data, 한방안이비인후피부과,"여드름, 한방미용시술(매선, 미용침), 성형수술후관리, 아토피피부염",0
300,석고노,구로한방병원,의원,data, 한방안이비인후피부과,"여드름, 한방미용시술(매선, 미용침), 성형수술후관리, 아토피피부염",0
301,진열들,송파병원,의원,data, 한방안이비인후피부과,"여드름, 한방미용시술(매선, 미용침), 성형수술후관리, 아토피피부염",0
302,탁익인,대항병원,의원,data, 한방안이비인후피부과,"여드름, 한방미용시술(매선, 미용침), 성형수술후관리, 아토피피부염",0
303,용만재,에스(S)리더치과병원,의원,data,"(한방비만체형클리닉) 부분비만, 소아비만, 산후비만",한방재활의학과,0
304,황가문,동대문요양병원,의원,data,"결핵 및 항산균폐질환, 만성폐쇄성폐질환",호흡기내과,0
305,송기잔,건양의료재단 김안과병원,의원,data,"뇌졸중치료, 뇌종양수술, 뇌혈관내중재시술, 뇌혈전용해술",신경외과,0
306,원공승,목동제일여성병원,의원,data,"(한방비만체형클리닉) 부분비만, 소아비만, 산후비만",한방재활의학과,0
307,문모진,을지치과병원,의원,data,"어깨 및 팔꿈치 관절(견·주 관절), 스포츠 손상 및 외상",정형외과,0
308,모엄솔,송파그랜드요양병원,의원,data, 한방안이비인후피부과,"여드름, 한방미용시술(매선, 미용침), 성형수술후관리, 아토피피부염",0
309,주혜전,의료법인일맥의료재단 인애가요양병원,의원,data,"알레르기비염, 축농증수술, 비과질환, 편도질환, 소아이비인후과",이비인후과,0
310,왕학위,조은마디병원,의원,data,"(한방비만체형클리닉) 부분비만, 소아비만, 산후비만",한방재활의학과,0
311,엄만광,바른본병원,의원,data,"어깨 및 팔꿈치 관절(견·주 관절), 스포츠 손상 및 외상",정형외과,0
312,변문보,사랑요양병원,의원,data,"결핵 및 항산균폐질환, 만성폐쇄성폐질환",호흡기내과,0
313,신무여,제니스병원,의원,data,"어깨 및 팔꿈치 관절(견·주 관절), 스포츠 손상 및 외상",정형외과,0
314,변시곤,시온요양병원,의원,data,"어깨 및 팔꿈치 관절(견·주 관절), 스포츠 손상 및 외상",정형외과,0
315,변회혜,리안요양병원,의원,data,"(한방비만체형클리닉) 부분비만, 소아비만, 산후비만",한방재활의학과,0
316,전겸량,더와이즈치과병원,의원,data,"어깨 및 팔꿈치 관절(견·주 관절), 스포츠 손상 및 외상",정형외과,0
317,명춘엽,세솟는정형외과병원,의원,data,"어깨 및 팔꿈치 관절(견·주 관절), 스포츠 손상 및 외상",정형외과,0
318,원영태,금천수요양병원,의원,data, 한방안이비인후피부과,"여드름, 한방미용시술(매선, 미용침), 성형수술후관리, 아토피피부염",0
319,황충두,소우주요양병원,의원,data, 한방안이비인후피부과,"여드름, 한방미용시술(매선, 미용침), 성형수술후관리, 아토피피부염",0
320,도혁섬,학교법인연세대학교치과대학치과병원,의원,data,"어깨 및 팔꿈치 관절(견·주 관절), 스포츠 손상 및 외상",정형외과,0
321,길빈서,네모치과병원(명동점),의원,data,"어깨 및 팔꿈치 관절(견·주 관절), 스포츠 손상 및 외상",정형외과,0
322,남람권,따뜻한치과병원,의원,data, 한방안이비인후피부과,"여드름, 한방미용시술(매선, 미용침), 성형수술후관리, 아토피피부염",0
323,추정월,네모치과병원,의원,data,"알레르기비염, 축농증수술, 비과질환, 편도질환, 소아이비인후과",이비인후과,0
324,강규령,광진예치과병원,의원,data,"어깨 및 팔꿈치 관절(견·주 관절), 스포츠 손상 및 외상",정형외과,0
325,선엄예,목동중앙치과병원,의원,data,"(한방비만체형클리닉) 부분비만, 소아비만, 산후비만",한방재활의학과,0
326,노충용,신촌연세병원,의원,data,"어깨 및 팔꿈치 관절(견·주 관절), 스포츠 손상 및 외상",정형외과,0
327,백빈루,목동성모요양병원,의원,data,"(한방비만체형클리닉) 부분비만, 소아비만, 산후비만",한방재활의학과,0
328,성하단,의료법인제민의료재단동서병원,의원,data,"어깨 및 팔꿈치 관절(견·주 관절), 스포츠 손상 및 외상",정형외과,0
329,은운숭,산치과병원,의원,data,"결핵 및 항산균폐질환, 만성폐쇄성폐질환",호흡기내과,0
330,여반의,재단법인자생의료재단잠실자생한방병원,의원,data,"뇌졸중치료, 뇌종양수술, 뇌혈관내중재시술, 뇌혈전용해술",신경외과,0
331,고악익,한성한방병원,의원,data,"알레르기비염, 축농증수술, 비과질환, 편도질환, 소아이비인후과",이비인후과,0
332,선늬실,호산여성병원,의원,data,"(한방비만체형클리닉) 부분비만, 소아비만, 산후비만",한방재활의학과,0
333,곽숙만,사회복지법인소원의항구로뎀노인전문병원,의원,data,"어깨 및 팔꿈치 관절(견·주 관절), 스포츠 손상 및 외상",정형외과,0
334,안황보,새움병원,의원,data, 한방안이비인후피부과,"여드름, 한방미용시술(매선, 미용침), 성형수술후관리, 아토피피부염",0
335,길제다,서울현대요양병원,의원,data,"어깨 및 팔꿈치 관절(견·주 관절), 스포츠 손상 및 외상",정형외과,0
336,신랑배,서울특별시 동부병원,의원,data,"결핵 및 항산균폐질환, 만성폐쇄성폐질환",호흡기내과,0
337,유람하,수치과병원,의원,data, 한방안이비인후피부과,"여드름, 한방미용시술(매선, 미용침), 성형수술후관리, 아토피피부염",0
338,허로면,함춘요양병원,의원,data, 한방안이비인후피부과,"여드름, 한방미용시술(매선, 미용침), 성형수술후관리, 아토피피부염",0
339,곽열바,서울대윤병원,의원,data,"뇌졸중치료, 뇌종양수술, 뇌혈관내중재시술, 뇌혈전용해술",신경외과,0
340,소만이,은천요양병원,의원,data, 한방안이비인후피부과,"여드름, 한방미용시술(매선, 미용침), 성형수술후관리, 아토피피부염",0
341,유만담,솔빛한방병원,의원,data,"뇌졸중치료, 뇌종양수술, 뇌혈관내중재시술, 뇌혈전용해술",신경외과,0
342,차택균,남기세병원,의원,data,"(한방비만체형클리닉) 부분비만, 소아비만, 산후비만",한방재활의학과,0
343,인려홍,강남효요양병원,의원,data, 한방안이비인후피부과,"여드름, 한방미용시술(매선, 미용침), 성형수술후관리, 아토피피부염",0
344,탁섭언,서울외과병원,의원,data, 한방안이비인후피부과,"여드름, 한방미용시술(매선, 미용침), 성형수술후관리, 아토피피부염",0
345,성자훈,서울숭인병원,의원,data,"결핵 및 항산균폐질환, 만성폐쇄성폐질환",호흡기내과,0
346,주용환,튼튼병원,의원,data,"(한방비만체형클리닉) 부분비만, 소아비만, 산후비만",한방재활의학과,0
347,구의충,마루치과병원,의원,data,"알레르기비염, 축농증수술, 비과질환, 편도질환, 소아이비인후과",이비인후과,0
348,은빛웅,강남수병원,의원,data,"알레르기비염, 축농증수술, 비과질환, 편도질환, 소아이비인후과",이비인후과,0
349,맹조권,의료법인 씨티의료재단 씨티병원,의원,data, 한방안이비인후피부과,"여드름, 한방미용시술(매선, 미용침), 성형수술후관리, 아토피피부염",0
350,진판반,내이처럼치과병원,의원,data, 한방안이비인후피부과,"여드름, 한방미용시술(매선, 미용침), 성형수술후관리, 아토피피부염",0
351,성백경,강남의림한방병원,의원,data, 한방안이비인후피부과,"여드름, 한방미용시술(매선, 미용침), 성형수술후관리, 아토피피부염",0
352,김형호,재단법인한국산업보건환경연구소부설 해상병원,의원,data,"알레르기비염, 축농증수술, 비과질환, 편도질환, 소아이비인후과",이비인후과,0
353,마강분,인애가송파한방병원,의원,data, 한방안이비인후피부과,"여드름, 한방미용시술(매선, 미용침), 성형수술후관리, 아토피피부염",0
354,명노월,프라임병원,의원,data,"어깨 및 팔꿈치 관절(견·주 관절), 스포츠 손상 및 외상",정형외과,0
355,우오노,강남베드로병원,의원,data, 한방안이비인후피부과,"여드름, 한방미용시술(매선, 미용침), 성형수술후관리, 아토피피부염",0
356,정원걸,참푸른병원,의원,data, 한방안이비인후피부과,"여드름, 한방미용시술(매선, 미용침), 성형수술후관리, 아토피피부염",0
357,전라비,강동한방병원,의원,data,"어깨 및 팔꿈치 관절(견·주 관절), 스포츠 손상 및 외상",정형외과,0
358,정람탐,정동병원,의원,data,"알레르기비염, 축농증수술, 비과질환, 편도질환, 소아이비인후과",이비인후과,0
359,왕용장,새빛요양병원,의원,data,"어깨 및 팔꿈치 관절(견·주 관절), 스포츠 손상 및 외상",정형외과,0
360,노원송,새희망의료생활협동조합 어울림요양병원,의원,data,"어깨 및 팔꿈치 관절(견·주 관절), 스포츠 손상 및 외상",정형외과,0
361,손뜸곤,서울프라임병원,의원,data,"(한방비만체형클리닉) 부분비만, 소아비만, 산후비만",한방재활의학과,0
362,곽조송,강남센트럴요양병원,의원,data, 한방안이비인후피부과,"여드름, 한방미용시술(매선, 미용침), 성형수술후관리, 아토피피부염",0
363,함잔중,의료법인 덕수의료재단 영등포한방병원,의원,data,"뇌졸중치료, 뇌종양수술, 뇌혈관내중재시술, 뇌혈전용해술",신경외과,0
364,선묵하,에스플란트치과병원,의원,data,"(한방비만체형클리닉) 부분비만, 소아비만, 산후비만",한방재활의학과,0
365,노여면,굿모닝요양병원,의원,data,"어깨 및 팔꿈치 관절(견·주 관절), 스포츠 손상 및 외상",정형외과,0
366,금충회,가우디치과병원,의원,data,"알레르기비염, 축농증수술, 비과질환, 편도질환, 소아이비인후과",이비인후과,0
367,주설묵,녹십자요양병원,의원,data, 한방안이비인후피부과,"여드름, 한방미용시술(매선, 미용침), 성형수술후관리, 아토피피부염",0
368,정윤백,서울대학교치과병원,의원,data,"결핵 및 항산균폐질환, 만성폐쇄성폐질환",호흡기내과,0
369,황려율,누네안과병원,의원,data, 한방안이비인후피부과,"여드름, 한방미용시술(매선, 미용침), 성형수술후관리, 아토피피부염",0
370,성배잎,에스병원,의원,data, 한방안이비인후피부과,"여드름, 한방미용시술(매선, 미용침), 성형수술후관리, 아토피피부염",0
371,김균언,서울특별시보라매병원,의원,data, 한방안이비인후피부과,"여드름, 한방미용시술(매선, 미용침), 성형수술후관리, 아토피피부염",0
372,성바영,염창환병원,의원,data, 한방안이비인후피부과,"여드름, 한방미용시술(매선, 미용침), 성형수술후관리, 아토피피부염",0
373,박수온,(사) 대한사회복지회 한서병원,의원,data, 한방안이비인후피부과,"여드름, 한방미용시술(매선, 미용침), 성형수술후관리, 아토피피부염",0
374,나란재,서울센트럴요양병원,의원,data,"뇌졸중치료, 뇌종양수술, 뇌혈관내중재시술, 뇌혈전용해술",신경외과,0
375,김태인,서울본브릿지병원,의원,data, 한방안이비인후피부과,"여드름, 한방미용시술(매선, 미용침), 성형수술후관리, 아토피피부염",0
376,변하손,구로성심병원,의원,data, 한방안이비인후피부과,"여드름, 한방미용시술(매선, 미용침), 성형수술후관리, 아토피피부염",0
377,옥다림,연세영동요양병원,의원,data,"(한방비만체형클리닉) 부분비만, 소아비만, 산후비만",한방재활의학과,0
378,명변봉,제인한방병원,의원,data,"어깨 및 팔꿈치 관절(견·주 관절), 스포츠 손상 및 외상",정형외과,0
379,추열기,서울송도병원,의원,data,"어깨 및 팔꿈치 관절(견·주 관절), 스포츠 손상 및 외상",정형외과,0
380,공웅학,양천효요양병원,의원,data,"(한방비만체형클리닉) 부분비만, 소아비만, 산후비만",한방재활의학과,0
381,신로용,우리들병원,의원,data,"어깨 및 팔꿈치 관절(견·주 관절), 스포츠 손상 및 외상",정형외과,0
382,여래누,방화병원,의원,data,"결핵 및 항산균폐질환, 만성폐쇄성폐질환",호흡기내과,0
383,강직신,의료법인 우리아이들 의료재단 우리아이들병원,의원,data, 한방안이비인후피부과,"여드름, 한방미용시술(매선, 미용침), 성형수술후관리, 아토피피부염",0
384,성균솔,홍익병원,의원,data,"(한방비만체형클리닉) 부분비만, 소아비만, 산후비만",한방재활의학과,0
385,강흔로,이화여자대학교의과대학부속목동병원,의원,data,"(한방비만체형클리닉) 부분비만, 소아비만, 산후비만",한방재활의학과,0
386,황섭변,지앤지병원,의원,data,"뇌졸중치료, 뇌종양수술, 뇌혈관내중재시술, 뇌혈전용해술",신경외과,0
387,송출길,재단법인대한스포츠의학재단강남나무병원,의원,data, 한방안이비인후피부과,"여드름, 한방미용시술(매선, 미용침), 성형수술후관리, 아토피피부염",0
388,정란덕,동서울병원,의원,data,"결핵 및 항산균폐질환, 만성폐쇄성폐질환",호흡기내과,0
389,황단현,포레힐요양병원,의원,data,"알레르기비염, 축농증수술, 비과질환, 편도질환, 소아이비인후과",이비인후과,0
390,현형이,서울명병원,의원,data,"결핵 및 항산균폐질환, 만성폐쇄성폐질환",호흡기내과,0
391,모유백,에이플러스치과병원,의원,data,"(한방비만체형클리닉) 부분비만, 소아비만, 산후비만",한방재활의학과,0
392,노타우,순천향대학교 부속 서울병원,의원,data,"(한방비만체형클리닉) 부분비만, 소아비만, 산후비만",한방재활의학과,0
393,구걸안,웰튼병원,의원,data,"어깨 및 팔꿈치 관절(견·주 관절), 스포츠 손상 및 외상",정형외과,0
394,차산걸,연세바로척병원,의원,data,"어깨 및 팔꿈치 관절(견·주 관절), 스포츠 손상 및 외상",정형외과,0
395,노종웅,의료법인성석의료재단동작경희병원,의원,data,"알레르기비염, 축농증수술, 비과질환, 편도질환, 소아이비인후과",이비인후과,0
396,변흥연,의료법인장원의료재단송파성모병원,의원,data, 한방안이비인후피부과,"여드름, 한방미용시술(매선, 미용침), 성형수술후관리, 아토피피부염",0
397,채후중,참바로병원,의원,data,"어깨 및 팔꿈치 관절(견·주 관절), 스포츠 손상 및 외상",정형외과,0
398,공치희,민트병원,의원,data, 한방안이비인후피부과,"여드름, 한방미용시술(매선, 미용침), 성형수술후관리, 아토피피부염",0
399,길시래,재단법인 제중의료복지재단 제중요양병원,의원,data,"알레르기비염, 축농증수술, 비과질환, 편도질환, 소아이비인후과",이비인후과,0
400,류삼손,의료법인참예원의료재단 송파참노인전문병원,의원,data,"알레르기비염, 축농증수술, 비과질환, 편도질환, 소아이비인후과",이비인후과,0
401,송곤박,장튼위튼병원,의원,data, 한방안이비인후피부과,"여드름, 한방미용시술(매선, 미용침), 성형수술후관리, 아토피피부염",0
402,신얀탁,서울한방병원,의원,data,"(한방비만체형클리닉) 부분비만, 소아비만, 산후비만",한방재활의학과,0
403,추달곤,시카고치과병원,의원,data,"결핵 및 항산균폐질환, 만성폐쇄성폐질환",호흡기내과,0
404,유동분,다일천사병원,의원,data,"결핵 및 항산균폐질환, 만성폐쇄성폐질환",호흡기내과,0
405,은무엄,서울특별시서울의료원강남분원,의원,data,"뇌졸중치료, 뇌종양수술, 뇌혈관내중재시술, 뇌혈전용해술",신경외과,0
406,방선노,연세본병원,의원,data,"결핵 및 항산균폐질환, 만성폐쇄성폐질환",호흡기내과,0
407,송상건,의료법인 참예원의료재단 서초참요양병원,의원,data, 한방안이비인후피부과,"여드름, 한방미용시술(매선, 미용침), 성형수술후관리, 아토피피부염",0
408,구구손,큰사랑노인전문병원,의원,data, 한방안이비인후피부과,"여드름, 한방미용시술(매선, 미용침), 성형수술후관리, 아토피피부염",0
409,유담미,안강병원,의원,data, 한방안이비인후피부과,"여드름, 한방미용시술(매선, 미용침), 성형수술후관리, 아토피피부염",0
410,명단탐,강서성모요양병원,의원,data,"어깨 및 팔꿈치 관절(견·주 관절), 스포츠 손상 및 외상",정형외과,0
411,어형자,가야치과병원,의원,data, 한방안이비인후피부과,"여드름, 한방미용시술(매선, 미용침), 성형수술후관리, 아토피피부염",0
412,채성문,강남제이에스병원,의원,data,"뇌졸중치료, 뇌종양수술, 뇌혈관내중재시술, 뇌혈전용해술",신경외과,0
413,임휘추,더와이즈황병원,의원,data,"어깨 및 팔꿈치 관절(견·주 관절), 스포츠 손상 및 외상",정형외과,0
414,변천신,365엠씨(mc)병원,의원,data, 한방안이비인후피부과,"여드름, 한방미용시술(매선, 미용침), 성형수술후관리, 아토피피부염",0
415,반승재,서울복지한방병원,의원,data, 한방안이비인후피부과,"여드름, 한방미용시술(매선, 미용침), 성형수술후관리, 아토피피부염",0
416,손담용,학교법인가톨릭학원가톨릭대학교서울성모병원,의원,data,"알레르기비염, 축농증수술, 비과질환, 편도질환, 소아이비인후과",이비인후과,0
417,원시나,이지앤성형외과병원,의원,data,"(한방비만체형클리닉) 부분비만, 소아비만, 산후비만",한방재활의학과,0
418,손유탐,유나이티드병원,의원,data, 한방안이비인후피부과,"여드름, 한방미용시술(매선, 미용침), 성형수술후관리, 아토피피부염",0
419,왕리한,신화요양병원,의원,data,"(한방비만체형클리닉) 부분비만, 소아비만, 산후비만",한방재활의학과,0
420,전배려,강남수요양병원,의원,data, 한방안이비인후피부과,"여드름, 한방미용시술(매선, 미용침), 성형수술후관리, 아토피피부염",0
421,왕혼한,연치과병원,의원,data, 한방안이비인후피부과,"여드름, 한방미용시술(매선, 미용침), 성형수술후관리, 아토피피부염",0
422,하환무,소람한방병원,의원,data,"뇌졸중치료, 뇌종양수술, 뇌혈관내중재시술, 뇌혈전용해술",신경외과,0
423,명택찬,강남아산병원,의원,data,"뇌졸중치료, 뇌종양수술, 뇌혈관내중재시술, 뇌혈전용해술",신경외과,0
424,박희래,가톨릭대학교 여의도성모병원,의원,data,"뇌졸중치료, 뇌종양수술, 뇌혈관내중재시술, 뇌혈전용해술",신경외과,0
425,권성뜸,로고스치과병원,의원,data,"어깨 및 팔꿈치 관절(견·주 관절), 스포츠 손상 및 외상",정형외과,0
426,편태화,참튼튼병원,의원,data, 한방안이비인후피부과,"여드름, 한방미용시술(매선, 미용침), 성형수술후관리, 아토피피부염",0
427,진유섬,트리니티요양병원,의원,data,"뇌졸중치료, 뇌종양수술, 뇌혈관내중재시술, 뇌혈전용해술",신경외과,0
428,신송서,세바른병원,의원,data, 한방안이비인후피부과,"여드름, 한방미용시술(매선, 미용침), 성형수술후관리, 아토피피부염",0
429,장보강,(의)엘림의료재단 힐링요양병원,의원,data,"어깨 및 팔꿈치 관절(견·주 관절), 스포츠 손상 및 외상",정형외과,0
430,육얀울,더블유치과병원,의원,data,"어깨 및 팔꿈치 관절(견·주 관절), 스포츠 손상 및 외상",정형외과,0
431,조정애,필립요양병원,의원,data,"알레르기비염, 축농증수술, 비과질환, 편도질환, 소아이비인후과",이비인후과,0
432,전면윤,러스크강동병원,의원,data,"어깨 및 팔꿈치 관절(견·주 관절), 스포츠 손상 및 외상",정형외과,0
433,심황잎,광혜병원,의원,data,"알레르기비염, 축농증수술, 비과질환, 편도질환, 소아이비인후과",이비인후과,0
434,함명휴,서울귀한이치과병원,의원,data,"알레르기비염, 축농증수술, 비과질환, 편도질환, 소아이비인후과",이비인후과,0
435,변달섭,서울대효병원,의원,data,"어깨 및 팔꿈치 관절(견·주 관절), 스포츠 손상 및 외상",정형외과,0
436,노숙반,혜민안과병원,의원,data, 한방안이비인후피부과,"여드름, 한방미용시술(매선, 미용침), 성형수술후관리, 아토피피부염",0
437,신기완,맑은수병원,의원,data,"어깨 및 팔꿈치 관절(견·주 관절), 스포츠 손상 및 외상",정형외과,0
438,방구반,메디힐병원,의원,data,"(한방비만체형클리닉) 부분비만, 소아비만, 산후비만",한방재활의학과,0
439,윤순홍,케이에스병원,의원,data,"알레르기비염, 축농증수술, 비과질환, 편도질환, 소아이비인후과",이비인후과,0
440,왕누언,아이엠치과병원,의원,data,"(한방비만체형클리닉) 부분비만, 소아비만, 산후비만",한방재활의학과,0
441,원숭반,서울인화요양병원,의원,data,"뇌졸중치료, 뇌종양수술, 뇌혈관내중재시술, 뇌혈전용해술",신경외과,0
442,차술기,성심의료재단강동성심병원,의원,data,"(한방비만체형클리닉) 부분비만, 소아비만, 산후비만",한방재활의학과,0
443,남열련,수치과병원,의원,data,"(한방비만체형클리닉) 부분비만, 소아비만, 산후비만",한방재활의학과,0
444,주련근,큰사랑요양병원,의원,data, 한방안이비인후피부과,"여드름, 한방미용시술(매선, 미용침), 성형수술후관리, 아토피피부염",0
445,신로영,큰나무병원,의원,data,"어깨 및 팔꿈치 관절(견·주 관절), 스포츠 손상 및 외상",정형외과,0
446,남디인,서울중앙병원,의원,data,"어깨 및 팔꿈치 관절(견·주 관절), 스포츠 손상 및 외상",정형외과,0
447,오백무,서울탑치과병원,의원,data, 한방안이비인후피부과,"여드름, 한방미용시술(매선, 미용침), 성형수술후관리, 아토피피부염",0
448,구안리,미림한방병원,의원,data,"뇌졸중치료, 뇌종양수술, 뇌혈관내중재시술, 뇌혈전용해술",신경외과,0
449,남엄겸,가우치과병원,의원,data,"(한방비만체형클리닉) 부분비만, 소아비만, 산후비만",한방재활의학과,0
450,강훔춘,서울실버한방병원,의원,data,"(한방비만체형클리닉) 부분비만, 소아비만, 산후비만",한방재활의학과,0
451,노재하,마리아성모요양병원,의원,data,"(한방비만체형클리닉) 부분비만, 소아비만, 산후비만",한방재활의학과,0
452,편담울,연세미래엔미소치과병원,의원,data,"어깨 및 팔꿈치 관절(견·주 관절), 스포츠 손상 및 외상",정형외과,0
453,남악권,연세사랑병원,의원,data, 한방안이비인후피부과,"여드름, 한방미용시술(매선, 미용침), 성형수술후관리, 아토피피부염",0
454,주겸송,연세스위트치과병원,의원,data,"어깨 및 팔꿈치 관절(견·주 관절), 스포츠 손상 및 외상",정형외과,0
455,연웅소,강북연세요양병원,의원,data,"어깨 및 팔꿈치 관절(견·주 관절), 스포츠 손상 및 외상",정형외과,0
456,현섭린,모커리한방병원,의원,data, 한방안이비인후피부과,"여드름, 한방미용시술(매선, 미용침), 성형수술후관리, 아토피피부염",0
457,명기충,서재곤링커병원,의원,data,"알레르기비염, 축농증수술, 비과질환, 편도질환, 소아이비인후과",이비인후과,0
458,곽하온,서울본병원,의원,data, 한방안이비인후피부과,"여드름, 한방미용시술(매선, 미용침), 성형수술후관리, 아토피피부염",0
459,지루솔,목동연세요양병원,의원,data,"(한방비만체형클리닉) 부분비만, 소아비만, 산후비만",한방재활의학과,0
460,용부겸,하나이비인후과병원,의원,data, 한방안이비인후피부과,"여드름, 한방미용시술(매선, 미용침), 성형수술후관리, 아토피피부염",0
461,용항심,아림치과병원,의원,data,"알레르기비염, 축농증수술, 비과질환, 편도질환, 소아이비인후과",이비인후과,0
462,엄찬시,공안과병원,의원,data,"(한방비만체형클리닉) 부분비만, 소아비만, 산후비만",한방재활의학과,0
463,한욱면,대한민국요양병원,의원,data,"결핵 및 항산균폐질환, 만성폐쇄성폐질환",호흡기내과,0
464,변솔원,재단법인아산사회복지재단 서울아산병원,의원,data,"(한방비만체형클리닉) 부분비만, 소아비만, 산후비만",한방재활의학과,0
465,엄승훔,의료법인참예원의료재단강남구립행복요양병원,의원,data, 한방안이비인후피부과,"여드름, 한방미용시술(매선, 미용침), 성형수술후관리, 아토피피부염",0
466,선미홍,올바른서울병원,의원,data,"어깨 및 팔꿈치 관절(견·주 관절), 스포츠 손상 및 외상",정형외과,0
467,금란문,미병원,의원,data,"(한방비만체형클리닉) 부분비만, 소아비만, 산후비만",한방재활의학과,0
468,여신여,시온요양병원,의원,data,"어깨 및 팔꿈치 관절(견·주 관절), 스포츠 손상 및 외상",정형외과,0
469,원란관,뉴스타트병원,의원,data, 한방안이비인후피부과,"여드름, 한방미용시술(매선, 미용침), 성형수술후관리, 아토피피부염",0
470,양더출,면력한방병원,의원,data,"어깨 및 팔꿈치 관절(견·주 관절), 스포츠 손상 및 외상",정형외과,0
471,주흥대,의료법인 한국암치료재단 헬스피아요양병원,의원,data,"어깨 및 팔꿈치 관절(견·주 관절), 스포츠 손상 및 외상",정형외과,0
472,편늘빛,송파마음요양병원,의원,data, 한방안이비인후피부과,"여드름, 한방미용시술(매선, 미용침), 성형수술후관리, 아토피피부염",0
473,민전아,달려라병원,의원,data,"(한방비만체형클리닉) 부분비만, 소아비만, 산후비만",한방재활의학과,0
474,도휘리,심정병원,의원,data, 한방안이비인후피부과,"여드름, 한방미용시술(매선, 미용침), 성형수술후관리, 아토피피부염",0
475,제번월,더사랑요양병원,의원,data, 한방안이비인후피부과,"여드름, 한방미용시술(매선, 미용침), 성형수술후관리, 아토피피부염",0
476,진치탁,서울스마트요양병원,의원,data,"뇌졸중치료, 뇌종양수술, 뇌혈관내중재시술, 뇌혈전용해술",신경외과,0
477,하늬얀,새미래요양병원,의원,data,"(한방비만체형클리닉) 부분비만, 소아비만, 산후비만",한방재활의학과,0
478,변식으,그랜드성형외과병원,의원,data,"뇌졸중치료, 뇌종양수술, 뇌혈관내중재시술, 뇌혈전용해술",신경외과,0
479,민희늬,윤호병원,의원,data,"(한방비만체형클리닉) 부분비만, 소아비만, 산후비만",한방재활의학과,0
480,배학판,장덕한방병원,의원,data, 한방안이비인후피부과,"여드름, 한방미용시술(매선, 미용침), 성형수술후관리, 아토피피부염",0
481,도빛고,의료법인 청해의료재단 제일병원,의원,data, 한방안이비인후피부과,"여드름, 한방미용시술(매선, 미용침), 성형수술후관리, 아토피피부염",0
482,신잔인,필치과병원,의원,data, 한방안이비인후피부과,"여드름, 한방미용시술(매선, 미용침), 성형수술후관리, 아토피피부염",0
483,은열전,경찰병원,의원,data, 한방안이비인후피부과,"여드름, 한방미용시술(매선, 미용침), 성형수술후관리, 아토피피부염",0
484,금찬흠,강서수한방병원,의원,data,"(한방비만체형클리닉) 부분비만, 소아비만, 산후비만",한방재활의학과,0
485,남마명,실로암안과병원,의원,data,"어깨 및 팔꿈치 관절(견·주 관절), 스포츠 손상 및 외상",정형외과,0
486,길늬묵,의료법인에이치엠피의료재단녹십초요양병원,의원,data, 한방안이비인후피부과,"여드름, 한방미용시술(매선, 미용침), 성형수술후관리, 아토피피부염",0
487,설롱새,가인치과병원,의원,data,"뇌졸중치료, 뇌종양수술, 뇌혈관내중재시술, 뇌혈전용해술",신경외과,0
488,우상명,춘원당한방병원,의원,data,"결핵 및 항산균폐질환, 만성폐쇄성폐질환",호흡기내과,0
489,노서루,한솔병원,의원,data,"알레르기비염, 축농증수술, 비과질환, 편도질환, 소아이비인후과",이비인후과,0
490,주출디,강남초이스병원,의원,data, 한방안이비인후피부과,"여드름, 한방미용시술(매선, 미용침), 성형수술후관리, 아토피피부염",0
491,명안나,서울나은병원,의원,data,"결핵 및 항산균폐질환, 만성폐쇄성폐질환",호흡기내과,0
492,공흔기,연세슬기병원,의원,data,"어깨 및 팔꿈치 관절(견·주 관절), 스포츠 손상 및 외상",정형외과,0
493,박들람,학교법인연세대학교의과대학세브란스병원,의원,data,"어깨 및 팔꿈치 관절(견·주 관절), 스포츠 손상 및 외상",정형외과,0
494,명전재,한양대학교병원,의원,data,"어깨 및 팔꿈치 관절(견·주 관절), 스포츠 손상 및 외상",정형외과,0
495,진혁박,지혜병원,의원,data,"어깨 및 팔꿈치 관절(견·주 관절), 스포츠 손상 및 외상",정형외과,0
496,한울누,멘토스병원,의원,data,"어깨 및 팔꿈치 관절(견·주 관절), 스포츠 손상 및 외상",정형외과,0
497,채흠들,유디치과병원,의원,data,"(한방비만체형클리닉) 부분비만, 소아비만, 산후비만",한방재활의학과,0
498,민잎균,광화문자생한방병원,의원,data,"어깨 및 팔꿈치 관절(견·주 관절), 스포츠 손상 및 외상",정형외과,0
499,최율잎,세란병원,의원,data,"결핵 및 항산균폐질환, 만성폐쇄성폐질환",호흡기내과,0
500,최회아,기분좋은한방병원,의원,data, 한방안이비인후피부과,"여드름, 한방미용시술(매선, 미용침), 성형수술후관리, 아토피피부염",0
